question,reference_answer,llm_answer,retrieved_context,answer_similarity_score,retrieval_precision,augmentation_precision,augmentation_accuracy,answer_consistency,overall_score
What makes Sam Altman a good founder?,He has a great force of will.,Sam Altman's qualities and achievements as a founder make him stand out. He possesses certain attributes and skills that contribute to his success in the startup world.,"[""Sam AltmanI was told I shouldn't mention founders of YC-funded companies in this list.But Sam Altman can't be stopped by such flimsy rules.If he wants to be on this list, he's going to be.""]",2.0,0.0,0.0,0.0,0.0,0.08
"When was the essay ""Five Founders"" written?",April 2009,"The essay ""Five Founders"" was written in April 2009.","[""Five Founders\n\nApril 2009\n\nInc recently asked me who I thought were the 5 most interesting startup founders of the last 30 years.How do you decide who's the most interesting?The best test seemed to be influence: who are the 5 who've influenced me most?""]",5.0,1.0,1.0,1.0,1.0,1.0
When does the most dramatic growth happen for a startup?,When the startup only has three or four people.,The most dramatic growth for a startup happens when it only has three or four people.,"[""The really dramatic growth happens when a startup only has three or four people, so only three or four people see that, whereas tens of thousands see business as it's practiced by Boeing or Philip Morris.""]",5.0,1.0,1.0,1.0,1.0,1.0
What is the problem with business culture versus start up culture with respect to productivity?,"In business culture, energy is expended on outward appearance to the detriment of productivity, while in startup culture there is no value of appearance it's all about productivity.","The problem with business culture versus start-up culture with respect to productivity is that conventional ideas of professionalism, which are deeply ingrained in our minds, tend to hinder productivity in big companies. Start-ups, on the other hand, often prioritize efficiency and innovation over traditional notions of professionalism. This can lead to a more dynamic and productive work environment in start-ups compared to larger companies.","[')Ditto for most of the other differences between startups and what passes for productivity in big companies.And yet conventional ideas of professionalism have such an iron grip on our minds that even startup founders are affected by them.In our startup, when outsiders came to visit we tried hard to seem ""professional.""']",4.0,1.0,0.0,0.0,0.6666666666666666,0.49333333333333335
What's the single biggest thing the government could do to increase the number of startups in this country?,Establish a new class of visa for startup founders.,Establishing a new class of visa for startup founders.,['The single biggest thing the government could do to increase the number of startups in this country is a policy that would cost nothing: establish a new class of visa for startup founders.'],5.0,1.0,1.0,1.0,1.0,1.0
How could one create a rigorous government definition of what a startup is to categorize whether a business is a startup?,One could define a startup as a company that has received investment by recognized startup investors. An accreditation procedure would be determined to establish recognized startup investors.,"One way to create a rigorous government definition of what a startup is to categorize whether a business is a startup is by using investment by recognized startup investors as a criterion. This approach would involve determining who qualifies as a startup investor, similar to how the government determines what counts as a university for student visas.","[""The government could not do better than to piggyback on their expertise, and use investment by recognized startup investors as the test of whether a company was a real startup.How would the government decide who's a startup investor?The same way they decide what counts as a university for student visas.""]",5.0,1.0,1.0,1.0,1.0,1.0
Why is frienship a good quality of founders?,Friendship is a good quality of founders because building a startup is tough and without a strong friendship building the startup will tear the founders apart.,"Friendship is a good quality of founders because it helps to establish a strong and positive relationship between them. When founders genuinely like one another and have a strong friendship, they are more likely to work well together and effectively collaborate on the startup. This can lead to better communication, trust, and understanding between the founders, which are crucial for the success of the startup.","['FriendshipEmpirically it seems to be hard to start a startup with just one founder.Most of the big successes have two or three.And the relationship between the founders has to be strong.They must genuinely like one another, and work well together.']",5.0,1.0,1.0,1.0,0.5,0.9
Why is determination the most important quality in startup founders?,"Because when building a startup you're going to hit a lot of obstacles, and determination will prevent one from getting demoralized by the constant obstacles.",Determination is considered the most important quality in startup founders because it has been found to be more crucial than intelligence. This goes against the common belief in the Valley that intelligence is the most important quality.,"[""In print they had to cut the last item because they didn't have room.)1.DeterminationThis has turned out to be the most important quality in startup founders.We thought when we started Y Combinator that the most important quality would be intelligence.That's the myth in the Valley.""]",1.0,1.0,1.0,1.0,1.0,0.8400000000000001
"For startups, what does board control mean in practice?","During board meetings, matters are decided in the discussion preceding the vote, not in the vote itself, which is usually unanimous. If opinion is divided in such discussions, the side that knows it would lose in a vote tends to be less insistent. This is what board control means in practice.","Board control for startups refers to the level of influence and decision-making power that founders have over the company's board of directors. It means that founders have the ability to shape the direction and strategy of the company, as well as make key decisions regarding its operations and future. This level of control can significantly impact the overall dynamics and culture within the startup, as it affects how decisions are made and how the company is managed.","[""So while board control is not total control, it's not imaginary either.There's inevitably a difference in how things feel within the company.Which means if it becomes the norm for founders to retain board control after a series A, that will change the way things feel in the whole startup world.""]",3.0,1.0,0.0,0.0,0.4,0.4
What's in the way of founders keeping board control after a series A?,"The perception that founders keeping board control after a series A being a concession a VC has made when negotiating with startups. VCs do not want to look like they've lost a negotiation. If founders keeping control after a series A is the norm, then it happening will not look like the VCs lost the negotiation.",VCs often prefer to have more control over the board after a series A round.,"[""In a dozen companies we've funded, the founders still had a majority of the board seats after the series A round.I feel like we're at a tipping point here.A lot of VCs still act as if founders retaining board control after a series A is unheard-of.""]",2.0,1.0,1.0,1.0,0.5,0.78
